Belladonna,Game
D'Anza Daniele,Adventure,Biography,Comedy,Crime,Drama,History,Musical,Mystery,Thriller
O'Brien Dave,Drama
O'Connell Darragh,Animation,Family
O'Hara Mario,Drama
O'Hara Omar,Talk
O'Sullivan Guy,Biography,Comedy,Documentary,History,Music
Zopilote,Comedy
d'Aubert Benoît,Comedy,Crime,Drama,Thriller
van 't Wout Erik,Comedy,Crime,Drama,Mystery,Thriller
Abad Francisco,Comedy,Drama,Family,Fantasy,History
Abe Yûichi,Action,Adventure,Animation,Comedy,Drama
Abia Nacho,Animation,Documentary
Abramson Hans,Drama,Family,Sci
Adams Carl W.,Animation,Comedy
Aguilar Francisco,Reality
Aguilar Rolando,Comedy,Music
Aguirre Daniel,Comedy,Crime,Drama,Family,Fantasy,Musical,Mystery,Romance,Thriller
Ahlroos Arvo,Documentary,History
Ainsworth Matthew,Comedy,Documentary,History,Reality
Aksoy Orhan,Drama
Alajar Gina,Action,Adventure,Drama,History,Mystery,Romance,Thriller
Alaux David,Animation
Alba R.D.,Reality,Talk
Aleksic Vladimir,Adventure,Comedy,Drama,Family,Game,Musical,Western
Aleksov Tomislav,Adventure,Comedy,Family
Alexander Vanessa,Action,Adventure,Comedy,Crime,Drama,Fantasy,Sci,Thriller
Alexander William,Talk
Alfredson Daniel,Action,Crime,Mystery,Thriller
Allgeyer Martina,Drama
Alonso Ernesto,Adventure,Biography,Comedy,Drama,Family,Fantasy,History,Horror,Mystery,Romance,Thriller,War
Altarejos Joselito,Comedy,Drama,Fantasy,Mystery,Romance,Thriller
Altman Olivier,Adventure,Comedy,Drama,Romance,Sport,Talk
Amâncio José,Comedy,Reality,Talk
Angelopoulos Panos,Comedy,Documentary
Animo Tetsurô,Action,Adventure,Animation,Comedy,Drama,Family,History,Horror,Music,Mystery,Sci,Sport,Thriller
Antonucci Danny,Animation,Comedy,Family
Anô Masami,Action,Adventure,Animation,Comedy,Family,Sci
Aoki Ei,Action,Adventure,Animation,Comedy,Drama,Fantasy,Horror,Romance,Sci
Appleby Lon,Crime,Documentary,Drama,Family
Ardenti Alex,Sport
Arehn Mats,Crime,Thriller
Armengol Ferran,Comedy,Game,Music
Arnold Gaye,Drama
Arraes Guel,Comedy,Crime,Documentary,Drama,Romance
Arriero César,Comedy,Fantasy,Romance
Arvanitis Dimitris,Adventure,Comedy,Crime,Drama,Fantasy,Mystery,Romance,Sci,Thriller
Arvizu Ruben,Animation,Comedy,Fantasy,Romance,Sci
Asmussen Kerry,Comedy,Documentary,Music,Musical,Sport
Aswad Stacey J.,Talk
Asô Manabu,Comedy,Drama,Fantasy,Horror,Mystery,Romance
Avancini Alexandre,Action,Adventure,Comedy,Crime,Drama,History,Mystery,Romance,Sci
Avellaneda María Herminia,Comedy,Drama,Family,Horror,Mystery,Romance
Ayaso Dunia,Comedy,Drama
Ayerra José Ramón,Adventure,Comedy,Drama,Family,Mystery,Romance
Bachar Kevin,Adventure,Biography,Documentary,Family,History
Bachner Rhett,Reality,Talk
Bajic Rados,Comedy,Drama,Romance
Baksa Tamás,Animation
Bal Vincent,Animation,Music
Ball Sarah,Animation,Family
Banas John,Adventure,Drama,Family,Mystery,Romance,Sci,Thriller
Bang Carlsen Jon,Crime
Banks Fiona,Action,Crime,Drama,Mystery,Romance,Thriller
Bannier Gilles,Comedy,Crime,Documentary,Drama,Mystery,Short,Thriller
Barker Adam,Action,Reality
Barnard John,Comedy,Documentary,Reality
Barrett Kasey,Comedy,Documentary,Drama,Family,Reality
Barril Joan,Comedy,News,Talk
Base Giulio,Comedy,Crime,Drama,History,Mystery,Romance,Thriller
Bastac Branislav,Comedy,Family
Batty David,Adventure,Comedy,Documentary,Fantasy,History
Baxmeyer Florian,Comedy,Crime,Drama
Bayless Deann Groen,Documentary
Becker Christian,Comedy
Bee Robert,Documentary,History,News,Reality,Talk
Beesley Bradley,Comedy,Documentary,Reality,Sport
Belcher Ray,Music,Musical,Reality,Talk
Belogrlic Vera,Comedy,Drama,Family
Benardos Peter,Comedy,Crime,Drama,Mystery
Bennett Matthew,Documentary,Reality,Talk
Benning James,Drama
Benson Emily,Family,History,Reality
Ber Ryszard,Drama,Romance
Berdún Lorena,Talk
Berestowski Wadim,Family
Bergmann Rudolf,Comedy
Bernal Ishmael,Drama
Besijn Charlotte,Drama
Besser Matt,Comedy,Documentary,Short
Bhojani Deven,Comedy
Bhuyan Rukmini,Crime
Bierset Serge,Action,Comedy,Crime,Drama,Romance
Björkdahl Cecilia,Drama
Bjørnsen Endre,Comedy
Blatchford Gary,Action,Adventure,Animation,Comedy,Family,Fantasy,Sci
Boadella Albert,Comedy
Bocan Hynek,Adventure,Crime,Drama,Family,History,Sport
Boedigheimer Dane,Action,Adventure,Animation,Comedy,Family,Fantasy
Boldt Rainer,Comedy,Drama,Family,Romance
Bonnet Christian,Action,Crime,Drama,Thriller
Bonnot Alain,Action,Comedy,Crime,Drama,Fantasy,Romance,Sci,Thriller,War
Booy Gertjan,Drama,Family,Mystery,Sci
Borlaza Emmanuel H.,Drama,Romance
Boseley Ray,Action,Comedy,Drama,Family,Fantasy,Sci,Thriller
Boucher Claude,Drama,Family
Bowles David,Reality
Bozzetto Bruno,Animation,Comedy,Music
Bragason Ragnar,Comedy,Drama
Brami Hervé,Comedy,Crime,Drama,Romance
Brannon Fred C.,Sci
Brehmer Christof,Drama,Romance
Breisach Felix,Music
Brenninkmeijer Stephan,Drama,Family
Broder Todd,Adventure,Animation,Comedy,Documentary,Family,Fantasy,Music,Reality
Broomfield Nick,Documentary
Brophey Sue,Comedy,Family,Fantasy,Game,Reality,Talk
Brotchie Amanda,Animation,Comedy,Drama
Brough Jonathan,Action,Adventure,Animation,Comedy,Crime,Documentary,Drama,Family,Fantasy,Romance,Sci,Thriller
Brownson JeanMarie,Documentary
Brylski Ryszard,Drama,Romance
Bunce Alan,Animation,Comedy,Fantasy,Horror
Burton Russell,Action,Comedy,Crime,Drama,Family,Music,Mystery,Romance,Thriller
Byford Timothy John,Comedy,Family,Musical,Talk
Bácskai Lauro István,Adventure,Comedy,Crime,Family
Béraud Luc,Drama
Caillon Jean,Animation,Family
Caldwell Joshua,Drama,Thriller
Calek Chad,Reality
Cammermans Paul,Action,Adventure,Comedy,Crime,Documentary,Drama,Family,History,Thriller
Campbell Al,Comedy,Documentary,News
Campbell Luke,Adventure,Comedy,Crime,Documentary,Fantasy,Game,History,Horror,Reality,Talk
Cann Benjamín,Adventure,Comedy,Crime,Drama,History,Music,Mystery,Romance,Thriller
Cantell Saara,Drama,Family
Cantin Roger,Action,Adventure,Fantasy,Mystery,Sci
Caparas Carlo J.,Adventure
Caputo Patrick,Drama,Romance
Cardona III René,Comedy
Carey Kathi,Comedy,Talk
Cargill David,Crime,Documentary
Carle Gilles,Adventure,Drama
Carlsen Henning,Reality
Carnoy Jon,Comedy,Drama,Reality,Romance
Carruthers Dick,Documentary,Music
Carré Jean-Michel,Documentary
Carvajal Rafael,Comedy,Drama,Romance
Carvalho Dennis,Biography,Comedy,Drama,Family,Romance,Thriller
Carvana Pedro,Drama
Cayetano Lino S.,Adventure,Comedy,Drama,Fantasy,Game,Horror,Music,Reality,Romance
Cazals Felipe,Drama
Cazeneuve Fabrice,Crime
Cernuda Alfredo,Comedy
Cerqueira André,Comedy,Crime,Drama,Family,Fantasy,History,Mystery,Romance,Thriller
Chenillo Mariana,Comedy,Drama,Romance
Chermont Gustavo,Comedy
Chiesa Guido,Crime,Documentary
Christiansen Christian E.,Family
Chytilová Vera,Documentary
Cilauro Santo,Comedy,Drama
Clavier Stéphane,Action,Adventure,Comedy,Crime,Drama
Clebanoff Marc,Action,Crime,Drama,Thriller
Cluer Sebastian,Comedy,Crime,Documentary,Game,Reality
Clément André,Family
Coghe Luc,Action,Comedy,Crime,Drama,Mystery,Romance,Thriller
Cohen Peter M.,Reality
Colmenar Jesús,Adventure,Comedy,Drama,Sci
Colom Miguel,Comedy,Crime,Drama,History,Mystery,Romance,Thriller
Colom Ramon,Crime,Documentary,Drama,Horror,Mystery,News,Talk,Thriller
Colomé Lali,Documentary,Talk
Colthurst Brendan,Comedy,Short,Talk
Compain Frédéric,Documentary
Conant Matt,Comedy
Conen Boris Paval,Action,Drama,Family,Mystery,Reality,Thriller
Cooksley Pete,Documentary,Game,Reality
Cortés Eduard,Comedy,Drama,Family,Fantasy,Mystery
Coulter David,Family,Fantasy,News,Talk
Cozzi Luigi,Mystery,Thriller
Craven Tony,Comedy
Creator Tyler the,Comedy,Short
Crnobrnja Stanko,Comedy,Documentary,Drama,Family,Fantasy,Game,Music,Musical,News,Romance,War
Crocker Andy,Comedy,Mystery,Short
Cross Logan,Action,Comedy,Fantasy
Cruz Carretero Miguel,Comedy,Talk
Cruz Nuno,Drama
Cuadri Antonio,Comedy,Drama,Family,Game,Romance,Talk,Thriller
Cuche Nicolas,Comedy,Crime,Drama,Fantasy,History,Thriller
Cueto Juan Carlos,Comedy,Drama
Custo Arnie,Action,Adventure,Comedy,Crime,Drama,Family,Fantasy,Mystery,Thriller,Western
Côté François,Comedy,Crime,Drama,Family
Dalton Brian,Comedy
Damiano Gerard,News
Daniëls Rik,Action,Comedy,Crime,Drama,Mystery
Danquart Didi,Crime
Darling Mike,Adventure,Drama,Fantasy,Sci
Darraux Adeline,Drama,Romance
Davies Jr. Mike,Comedy,Sci,Thriller
Davis Gary,Action,Comedy
Davis Rick,Comedy,Drama,Reality,Romance
Davison Tito,Drama,Romance
Day Philip,Biography,Documentary,History,Mystery
Daye Steve,Animation,Family
Dayrit Trina N.,Action,Adventure,Comedy,Crime,Drama,Family,Fantasy,Horror,Musical,Mystery,Romance,Thriller
De Felippo Daniel,Comedy,Drama,Family,Romance,Sci,Sport
De Maria Renato,Action,Comedy,Crime,Drama
De María Mariano,Adventure,Comedy,Drama,Family,Fantasy,Musical,Romance
De Vries Sean,Documentary,Reality
Deans Gary,Comedy,Crime,Documentary,Reality,Sport
Defilippo Oliver J.,Comedy,Talk
Delmas Bénédicte,Comedy,Drama,Romance
Desmyter Stef,Action,Comedy,Crime,Drama,Mystery,Romance,Sport
Dhénaut Alain,Biography,Comedy,Drama
Diamantopoulos Giannis,Crime,Drama
Diehl Ute,Comedy,Documentary,Reality
Dierickx Arno,Action,Crime,Drama,Mystery,Thriller
Diesen Trygve Allister,Action,Crime,Drama,Thriller
Dieulafait Pierre,Comedy
Disselhof Marc,Comedy,Family,Game,Music,Reality
Distl Gerald,Drama,Family,Romance
Djukanovic Milo,Comedy,Drama,Romance
Dotzel Wilfried,Comedy,Crime,Drama,Family,Fantasy
Doucet Ron,Animation
Douchand Christophe,Action,Comedy,Crime,Drama,Mystery,Thriller
Douros Vasilis,Comedy,Crime,Documentary,Drama,Romance,Thriller
Downie Christopher,Action,Animation,Biography,Comedy,Drama,Sci
Driessen Kaj,Adventure,Animation,Comedy,Drama,Family,Romance
Drimal Joseph,Adventure,Comedy,Crime,Drama
Dryden David,Family,Reality,Sport
Dudenhöffer Gerd,Comedy
Dumond Matthew C.,News,Sport,Talk
Duquet Francis,Comedy,Family,Romance,Talk
Duran Ildefons,Drama,Talk
Dymek Janusz,Adventure,Comedy,Crime,Drama,Family,Fantasy,Romance
Díaz Alberto,Drama,Music,Romance
Díez Miguel Ángel,Action,Comedy,Drama,Family
Eames Evan,Reality
East Philip,Action,Comedy,Crime,Drama,Family
Echevarría Nicolás,History
Eckstine Ron,Comedy,Music
Edwards Vincent,Action,Adventure,Animation,Crime,Drama,Sci,Thriller
Egenolf Jürgen,Animation,Family
Eggleston Colin,Action,Crime,Drama
Elias Daniel,Documentary,Reality
Elkind Matt,Reality
Emery Michael,Documentary,Talk
Enomoto Akihiro,Action,Adventure,Animation,Comedy,Fantasy,Horror,Mystery,Romance,Sci
Erkel Bram van,Comedy,Crime,Drama,Family,History
Espiñeira Manuel A.,Comedy
Estudillo Manuel,Action,Comedy,Crime,Drama,Romance,Thriller
Faber Christian,Action,Biography,Crime,Documentary,Drama,Horror,Mystery,Reality,Thriller
Falconer J.,Action,Adventure,Animation,Comedy,Family,Fantasy,Sci,Thriller
Fanelli Mario,Comedy,Drama,War
Fansten Jacques,Comedy,Crime,Documentary,Drama,Family,Mystery
Farias Roberto,Comedy,Crime,Drama
Faure Christian,Comedy,Drama,Mystery
Faust Michael,Comedy,Drama,Romance
Feldhusen Arne,Comedy,Crime,Romance
Fenoglio Edmo,Adventure,Drama,Romance,Thriller
Fernández Groizard Guillermo,Action,Adventure,Comedy,Crime,Drama,Romance
Fernández Javier,Comedy
Fiks Dmitri,Action,Comedy,Crime,Drama,Romance
Filho Daniel,Comedy,Crime,Drama,Music,Romance
Filippou Pavlos,Drama,Romance
Finnigan Stephen,Biography,Documentary,Drama,History
Fipke Asaph,Action,Adventure,Animation,Comedy,Family,Fantasy,Sci,Thriller
Fiterman Allan,Comedy,Drama,Music
Fitzgerald Thom,Drama
Flavià Carles,Talk
Fleischhaker Mike,Comedy,Fantasy,Romance,Sci
Fonlladosa Emmanuel,Adventure,Comedy,Crime,Drama,Musical,Romance,Thriller
Fonyó Gergely,Action,Comedy,Drama,Music,Romance,Talk
Forman Tom,Reality
Forssberg Per,Comedy,Music,Talk
Fortuny Miquel,Comedy,Family,Game,Music,Talk
Fotea Alex,Comedy,Drama,Musical,Romance
Francois Claudio,Drama,Romance
Fraser Harry L.,Crime,Drama,Mystery,Romance
Fraser Simon,Action,Comedy,Fantasy,Reality,Romance,Sci,Short
Freiesleben Kerstin,Biography,Documentary,History
Fric Martin,Comedy,Music
Friðriksson Friðrik Þór,Crime
Fujita Yoichi,Action,Animation,Comedy,Sci
Fujiwara Ryosuke,Drama
Fukuzawa Katsuo,Drama,Mystery,Romance
Fullilove Eric,Adventure,Crime,Family,Horror,Thriller
Furuhata Yasuo,Action,Drama
Gaardsøe Kasper,Comedy,Crime,Drama,Mystery
Gage Chris,Game,Talk
Galán Rafael,Comedy,Drama,Family,Game
Gandolfi Francois,Documentary,Reality
Gantvoort Leif,Comedy
Garbett Jason,Comedy,Documentary,Drama,Family,Fantasy
Garci José Luis,Horror,News,Talk,Thriller
Garcia Nuno,Adventure,Animation,Family,Game,Music,Talk
García FJ,Comedy
García José Ángel,Action,Adventure,Comedy,Crime,Drama,Family,Musical,Romance,Thriller
García Manolo,Adventure,Animation,Crime,Drama,Family,Fantasy,Music,Musical,Mystery,Romance,Thriller
García Melero Helena,Talk
García Sánchez José Luis,Comedy,Drama
Garofalo Robert,Documentary
Gaudino Lucio,Action,Comedy,Crime,Drama,Romance
Gentile Andrew,Comedy,Talk
Georgiou Christos,Comedy,Crime,Drama,History,Musical,Mystery,Romance,Thriller
Gerza Peter,Documentary,Game,Reality
Gevers Johan,Comedy,Crime,Documentary,Drama,Family,Game,Romance,Sport
Gheith Abed,Animation,Comedy,Game,Music,Short
Gikapeppas Giorgos,Adventure,Documentary,Drama,Music,Romance,Talk
Gillam-Smith Nick,Documentary,History
Giordano Anthony,Documentary,Game,Sport
Giuliani Dominique,Comedy,Crime,Drama,Romance
Gjørv Eirin,Drama
Goldstone Duke,Comedy,Drama,Family,Music
Golic Tanja,Comedy,Drama
Gonzales Anthony,Game,Reality
Goodman Lucy,Family,Game
Gordon Jeff,Animation,Comedy,Family,Music
Gould George,Action,Adventure,Drama,Family,Sci,Thriller
Goutas Pierre,Adventure,Comedy,Crime,Drama,Thriller
Grabowski Gerald,Comedy,Drama,Family,Romance
Grabowsky Klaus,Comedy,Crime,Drama,Family
Grabsky Phil,Biography,Documentary,History
Grandperret Patrick,Comedy,Crime,Drama,Thriller
Grant Sandy,Family
Gray Bob,Drama,Family
Green Ryan Steven,Comedy,Documentary,Fantasy,Talk
Greenspan Michael,Family
Gregeois Christophe,Comedy,Drama,Romance
Gregg Sheila,Biography,Comedy,Documentary,Drama,Family,News,Talk
Gresham Frank,Animation,Comedy,Family
Gribble Barry,Comedy,Documentary
Grisolli Paulo Afonso,Comedy,Drama,Music
Grlic Rajko,Comedy
Groschopp Richard,War
Grossman Todd,Reality,Sport
Grotenhuis Idse,Crime,Drama,Thriller
Grousset Didier,Comedy,Drama
Guertin David,Crime,Reality
Gumpel David,Animation,Family,Musical,Reality,Short
Guyenne Philippe,Action,Adventure,Animation,Family,Fantasy,Sci
Guzmán Patricio,Documentary
Guérin François,Adventure,Comedy,Crime,Fantasy
Gören Serif,Drama
Götz Olaf,Action,Crime,Documentary,Drama,History
Habara Nobuyoshi,Action,Adventure,Animation,Comedy,Crime,Fantasy,Sci
Haffner Erik,Comedy,Family,Fantasy,Mystery
Halas John,Animation,Family,Sci,Western
Hammerich Rumle,Comedy,Drama,Family
Hamrell Harald,Comedy,Crime,Drama,Mystery,Romance,Sci,Thriller
Hannemann Axel,Comedy,Drama,Family
Hansen Markus,Comedy,Documentary,Drama,Music,Reality,Romance
Hanttu Petri,Animation,Comedy,Documentary
Haralabous Kostas,Documentary,History
Hardwick Neil,Comedy,Drama,Mystery,Thriller
Harrach Gabor,Crime,Documentary,News,Reality
Harte Aidan,Action,Animation,Comedy,Family
Hartleb Molly,Crime,Drama,Mystery,Thriller
Hartman Mike C.,Comedy,Family,Horror,Sci
Hartomatzidis Yiannis,Comedy,Crime,Drama
Harvey Alex,Documentary,Drama,Horror,Mystery,News,Thriller
Haskell Charlie,Action,Adventure,Comedy,Crime,Drama,Family,Fantasy,Romance,Sci,Thriller
Hauch-Fausbøll Katrine,Family
Hauff Eberhard,Crime,Drama
Haui József,Adventure,Animation,Comedy,Family
Hauke Wilfried,Documentary
Healey Jonathan,Comedy,Music
Heisig René,Crime,Drama,Thriller
Hemert Willy van,Comedy,Drama,Fantasy,Music
Hermoso Miguel,Comedy,Drama,Musical,Romance
Herngren Felix,Comedy,Drama
Herre Annette,Drama,Romance
Herrmann Helmut,Action,Adventure,Crime,Family,Game,Music,Talk
Herzog Andreas,Crime,Drama
Hidaka Masamitsu,Action,Adventure,Animation,Comedy,Drama,Family,Fantasy,Romance,Sci,Thriller
Hijikata Masato,Comedy,Drama,Fantasy,Talk
Hiltrop Nico,Adventure,Comedy,Crime,Family,Fantasy,Game,Musical
Hiltunen Kaarlo,Comedy,Drama,Music
Hirayama Hideyuki,Drama
Hirokawa Kazuyuki,Action,Adventure,Animation,Family,Fantasy,Music,Sci
Hirsen Steve,Adventure,Comedy,Family,Game,News,Reality
Hodgson Graeme,Comedy,Drama,Family
Holden Tony,Comedy
Holt Sarah,Biography,Documentary,History
Hood Kit,Adventure,Documentary,Drama,Family,Mystery,Romance
Hosoda Naoto,Action,Animation,Comedy,Drama,Horror,Romance,Thriller
Hotz Kenny,Comedy,Crime,Game,Reality,Talk
Hrebejk Jan,Music
Huxley Justin Robert,Game,Sport
Hyde David,Action,Drama,Music,Reality
Høien Grete,Family,Fantasy
Iborra Juan Luis,Comedy
Ibáñez Gabriel,Comedy,Drama,Fantasy,Horror,Sci
Ikeda Toshiharu,Action
Imanishi Takashi,Action,Animation,Comedy,Drama,Sci
Imre István,Animation,Comedy,Family
Ingrams Michael,Biography,Documentary
Irie Yasuhiro,Action,Adventure,Animation,Comedy,Drama,Horror,Sci,Thriller
Ishida Masahisa,Action,Adventure,Animation,Comedy,Fantasy,Sci
Ishihara Tatsuya,Animation,Comedy,Drama,Fantasy,Music,Romance,Sci
Ishii Yasuharu,Action,Comedy,Crime,Drama,Mystery,Romance
Ishii Yûsuke,Action,Comedy,Crime,Drama
Ishizaki Susumu,Action,Adventure,Animation,Comedy,Drama,Family,Fantasy,Sci
Itou Naoyuki,Action,Adventure,Animation,Comedy,Drama,Family,Fantasy,Romance,Sci,Thriller
Itäranta Tapani,Biography,Documentary
Iuchi Shuji,Animation
Ivanda Branko,Drama,History,Romance,War
Ivern Aina,Comedy,Drama
Iwamoto Hitoshi,Comedy,Drama,Romance,Thriller
Jackson Daren,Comedy,Music,Talk
Jacobson Clayton,Comedy,Crime,Documentary,Drama,Music,Mystery
Jakubisko Juraj,Comedy,Family,Fantasy,Horror
James Edward,Adventure,Comedy,Drama,Horror,Mystery,Romance
Jang Jay woon,Animation
Jedryka Stanislaw,Adventure,Comedy,Drama,Family,Mystery,Sport
Jensen Mariella Harpelunde,Comedy,Documentary,Drama,Family,Fantasy
Jensen Søren Lyshøj,Animation
Jensen Torben Skjødt,Comedy,Documentary
Jiménez Pons Antulio,Adventure,Comedy,Crime,Drama,Family,History,Mystery,Romance,Thriller
Jobin François,Comedy,Crime,Drama,Family
Joffe Edward,Documentary,Drama,Music
Johansen Anders,Comedy,Documentary,Family
Johnson Anna,Comedy,Drama
Johnson Hugh,Comedy
Jones Kyle,Action,Animation,Crime,Drama,Mystery,Thriller
Jongerius Nick,Drama,Family
Jongerlynck Oliver,Action,Adventure,Animation,Sci
Junek Kurt,Comedy,Crime,Music
Kafetzopoulos Antonis,Action,Comedy,Romance
Kageyama Yasuo,Adventure,Animation
Kaijser Simon,Comedy,Crime,Drama,Family,Fantasy,Romance,Thriller
Kakimoto Kôdai,Action,Adventure,Animation,Fantasy,Sci
Kale Nandu,Crime,Mystery,Thriller
Kamp Walter van der,Biography,Comedy,Drama,History,Thriller,War
Kanazawa Hiromitsu,Animation,Comedy,Drama,Romance
Kaplan Irving,Comedy,Family,Talk
Kaplan Patti,Adult,Documentary,Reality
Karadzic Milan,Comedy,Drama,Family
Karanovic Srdjan,Biography,Comedy,Documentary,Drama
Karpinski Pawel,Comedy,Drama,Romance
Kask Tõnis,Comedy,Drama
Kasurinen Pentti,Comedy,Drama,Romance
Kato Hiromasa,Drama,Romance
Kato Hiroyuki,Action,Adventure,Comedy,Crime,Drama,Sci
Kawase Toshifumi,Action,Adventure,Animation,Comedy,Drama,Family,Fantasy,Mystery,Romance,Sci,Sport,Thriller
Kay Peter,Comedy
Kaynak Filiz,Adventure,Comedy,Drama,Family,Romance
Kazakov Boris,Action,Crime
Keiffenheim Clemens,Comedy,Crime,Drama,Family,Romance,Thriller
Keller Ryan,Comedy,Music
Kennard David,Documentary,Family,Music
Kiely Bill,Sport
Kikuchi Yasuhito,Action,Adventure,Animation,Comedy,Drama,Family,Fantasy,Romance,Sci
Kilibarda Sladjana,Comedy
Kimball Paul,Documentary,Music
Kimura Shinichiro,Action,Adventure,Animation,Comedy,Drama,Fantasy,Horror,Romance,Sci
Kinizsi Ottó,Drama,Family
Kiryushchenko Aleksey,Comedy
Kitahata Toru,Action,Adventure,Animation,Drama,Romance,Sci
Kivihalme Elina,Comedy,Drama
Kivinen Mikko,Comedy
Kjær-Hansen Mikal,Reality,Romance
Kljakovic Vanca,Drama,Horror,Sci,War
Kloft Michael,Biography,Documentary,History
Kobayashi Tsuneo,Action,Adventure,Animation,Comedy,Drama,Fantasy,Mystery,Romance,Sci
Kobayashi Yoshinori,Comedy,Drama,Mystery,Sport,Thriller
Kodama Kenji,Action,Adventure,Animation,Comedy,Crime,Family,Fantasy,Mystery
Kolos István,Comedy,Family
Komadina Nebojsa,Comedy,Drama,Family,Romance
Komatsu Takashi,Crime,Drama
Kopecky Stéphane,Animation,Comedy,Documentary,Family
Korthals Altes Thomas,Comedy,Crime,Drama,Thriller
Koskimies Elias,Comedy,Game,Music,Reality
Kostopoulos Kostas,Comedy,Drama,Romance
Kotabish Robert,Talk
Kotrotsi Fotini,Comedy,Drama,Romance
Kraus Zdenek,Comedy,Drama,Family
Kraut Rob,Music,Reality
Kristensen Hans,Drama,Family
Krontiropoulou Penelope,Comedy,Documentary,Family,Romance
Kujo Rion,Action,Animation,Comedy,Drama,Fantasy,Horror,Mystery,Romance,Sci,Sport,Thriller
Kumpulainen Juhani,Thriller
Kurc Stéphane,Action,Comedy,Crime,Drama,Fantasy
Kuroda Yoshio,Animation
Kuyt Bruun,Comedy,Drama,Family
La Bruce Bruce,Documentary
Lacombe Georges,Crime,Thriller
Laganà Giuseppe,Animation,Comedy,Family
Lahmani Pascal,Comedy,Mystery
Laine Tony,Comedy,Drama,Family,Reality
Lamangan Joel,Action,Adventure,Comedy,Crime,Drama,Fantasy,History,Music,Mystery,Romance,Thriller
Lampela Jarmo,Adventure,Comedy,Crime,Drama,Family
Landels Ryan,Action,Adventure,Music,Mystery,Reality
Landgraeber Sabine,Adventure,Comedy,Crime,Drama,Family,Romance
Lang Gary,Action,Adventure,Crime,Documentary,Drama,History,Horror,Mystery,Reality,Sci,War
Lang Krzysztof,Action,Comedy,Crime,Drama,Romance
Lang Robert,Crime,Documentary,Reality
Langlois Véronique,Comedy,Drama,Romance
Lara Sergi,Comedy,Drama
Latier Ward,Comedy,Drama,Romance
Lautenschutz Geert,Drama,Family
Lay Tant,Drama
Lazotti Gianfrancesco,Comedy,Drama,Mystery,Romance,Thriller
Le Chanois Jean-Paul,Comedy
Leathers Craig,Action,Sport
Lechowick Bernard,Comedy
Leclerc Philippe,Adventure,Animation,Family
Lee Dave,Comedy,Documentary,Drama,Talk
Leger Heinz,Biography,Documentary,Game,Reality
Lehmann Matthias,Comedy
Lehérissey Christiane,Adventure,Comedy,Crime,Drama,Family,Sport,Thriller
Leigh-Bell Patrick,Documentary,Drama,Sport
Leighton David,Documentary
Lennstrand Petter,Comedy,Family
Lentz Michael,Documentary,Music
Leonard Stauber Justin,Drama,Romance
Lepre Gianni,Crime,Drama,Romance,Thriller
Lesmes Diego,Drama
Lesowsky Wolfgang,Music
Levy Josh,Comedy,Documentary,History,Reality
Lewis Sharon,Documentary,Reality
Leytner Nikolaus,Crime
Lichtefeld Peter,Comedy,Crime,Family,Thriller
Licisyn Michael,Comedy
Liegel Gerald,Action,Crime,Mystery
Lima Jr. Walter,Comedy
Lin Fu Di,Drama
Lindsay Rob,Comedy
Linhof Jan Markus,Comedy,Crime,Documentary,Family
Little Jennifer,Crime,Documentary,Family,Mystery,Reality
Liversedge Marcus,Adventure,Comedy,Drama,Music,Reality
Lloyd Siân G.,Game,Music
Lluch Miguel,Animation,Comedy,Documentary,Drama,Music
Lohmer Severin,Crime,Drama,Family,Romance
Lomnicki Jan,Biography,Drama
Lord Rebecca,Drama
Losansky Rolf,Family
Loza Gustavo,Action,Adventure,Comedy,Crime,Drama,Family,Music,Romance,Thriller
Lukaszewicz Jerzy,Drama,Family,Fantasy,Romance
Lummerstorfer Leopold,Comedy,Game
Luncasu Iura,Comedy,Drama,Musical,Romance
Luppi Gustavo,Comedy,Drama,Fantasy,Musical,Mystery,Romance,Sport,Thriller
López Amado Norberto,Action,Adventure,Biography,Comedy,Crime,Drama,History,Mystery,Romance,Thriller
Löfdahl Tomas,Adventure,Family,Fantasy
Lörincz Nándor,Comedy,Romance,Short
Lüscher This,Drama,Family
MacLennan Caley,Animation
Macatuno Connie,Drama,Reality,Romance,Talk
Mach Josef,Action
Maci Alejandro,Action,Comedy,Crime,Drama,Mystery,Thriller
Macías Belén,Action,Drama,Fantasy,History,Romance
Madden Henry,Adventure,Animation,Family
Mainwood Roger,Animation,Comedy,Family
Majeský Pepe,Comedy,Game,Music,Reality
Mandic Aleksandar,Comedy,Family,Music
Manyoses Lluís,Comedy
Marecos Duarte Jorge,Comedy,Drama,Romance,Thriller
Maroto Ana,Comedy,Drama
Marsillach Adolfo,Comedy,Drama,Talk
Martin Hugh,Adventure,Animation,Comedy,Family,Fantasy,Game,Music,Musical,Reality,Sci
Martin Lee,Thriller
Martin Vince,Drama
Martins Henrique,Comedy,Drama,Romance
Martínez Amador Felipe,Action,Comedy,Crime,Drama,Mystery,Thriller
Martínez Lázaro Emilio,Adventure,Comedy,Drama
Massar David,Comedy,Crime,Documentary,Drama,Family,Horror,Music,Mystery,Reality,Sci,Thriller,War
Masumura Yasuzô,Drama,Romance
Matikainen Ari,Documentary,History,Music
Matsuo Kou,Action,Animation,Comedy,Crime,Drama,Fantasy,Mystery,Sci
Matsushita Yukihiro,Action,Adventure,Animation,Comedy,Drama,Fantasy,Romance
Mattei Bruno,Adventure
Mattila Mikko,Comedy,Drama
McCarthy Catherine L.,Drama,Reality
McCarthy Charlie,Comedy,Drama,Thriller
McCullough Rick,Game,Reality
McDonald Greg,Game,Music,Reality
McGregor Emilio,Comedy,Drama
McKay David,Comedy,Drama,Family,Fantasy,Sci
McKenzie Catriona,Drama,Family
McQueen Mark,Documentary,Reality
Meincke Peter,Comedy,Crime
Meins Gus,Comedy,Family
Meneses Mauricio,Drama,Romance
Mervyn Richard,Documentary,Drama,Fantasy,Sci
Meyer Günter,Adventure,Animation,Comedy,Family,Fantasy,Musical
Meyer-Grohbrügge Carsten,Action,Comedy,Crime,Drama,Romance
Miguel Pedro,Comedy,Drama,Family,History,Romance
Mihail Michael,Talk
Miller John,Comedy,Documentary,Horror,Sci,Talk
Mir Paco,Comedy
Miró Humberto,Comedy,Drama,Musical,Romance
Mizoguchi Kenji,Drama
Mizushima Tsutomu,Action,Animation,Comedy,Drama,Fantasy,Horror,Mystery,Romance,Sport,Thriller
Miéville Anne-Marie,Documentary
Moati Serge,Crime,Documentary,Thriller
Moerkerke Maarten,Comedy,Crime,Drama,Romance,Thriller
Moglia Barth Luis,Drama,Romance
Moles Aaron,Action,Comedy,Crime,Drama,Sci,Short
Molieri Frank,Action,Adventure,Animation,Comedy,Family
Monnet Vincent,Action,Comedy,Crime,Drama,Fantasy,Mystery,Romance,Thriller
Montesinos Rafa,Comedy,Drama
Morales Eric,Comedy,Crime,Drama,Fantasy,Musical,Mystery,Romance,Sport,Thriller
Moro Álvaro García,Comedy,Fantasy,Romance
Morosawa Kazuyuki,Comedy,Drama,Family,Mystery
Motos Pablo,Comedy
Moullet Luc,Documentary
Mundy Ed,Animation,Comedy,Short
Muñoz Juan Gil,Comedy
Muñoz Manuel,Talk
Myllerup Carsten,Comedy,Crime,Drama,Family,Horror
Málnay Levente,Comedy,Drama,Family
Mäki Kimmo,Comedy,Family,Fantasy,Game,Music,Mystery,Reality,Sport,Talk
Mänttäri Anssi,Comedy,Crime,Drama
Müllner Jörg,Biography,Documentary,History,Romance,War
Mündl Kurt,Documentary
Naar Roberto,Adventure,Comedy,Drama,Fantasy,Horror,Mystery,Romance,Thriller
Nabersberg Dirk,Animation,Comedy,Family,Game,Music,Reality
Nabeshima Osamu,Action,Adventure,Animation,Comedy,Crime,Drama,Family,Fantasy,Horror,Mystery
Nagayama Kôzô,Comedy,Drama,Romance
Nagy Gyula,Animation
Nakamura Kazuhiro,Drama
Narita Gaku,Action,Comedy,Crime,Drama,Fantasy,Mystery,Romance
Nash Sean,Crime,Drama
Navarro Jérôme,Action,Comedy,Crime,Drama,Romance
Newman Katinka,Biography,Documentary,Drama,History
Nijenhuis Johan,Comedy,Crime,Drama,Family
Nikolaev Petr,Comedy,Crime
Nikolaidis Theodoros,Drama
Nilsen Terje,Comedy,Music,Mystery
Nilsson Anders,Comedy
Nishida Masayoshi,Adventure,Animation,Comedy,Drama,Romance,Sport
Nishigori Atsushi,Animation,Comedy,Drama,Music,Romance
Nodelman Jeffrey,Action,Family
Noguera Joan,Drama
Nola Lukas,Comedy
Nolan William,Animation,Family
Novellino Antonello,Documentary
Novák Ivo,Comedy
Novák Jirí Diarmaid,Comedy,Mystery
Nugus Philip,Documentary
Nuutinen Ritva,Drama
Nørgaard Mikkel,Comedy,Crime,Drama
Oancea Sorin,Adventure,Animation,Family
Ogasawara Takeshi,Action,Adventure,Drama,Family,Fantasy,Sci
Okajima Kunitoshi,Action,Adventure,Animation,Comedy,Crime,Family,Fantasy,Mystery,Romance,Sci
Okazaki Minoru,Action,Adventure,Animation,Comedy,Drama,Family,Fantasy,Romance,Sci,Sport,Thriller
Oliveira Henrique,Adventure,Animation,Comedy,Family,Game,Music,News,Talk
Oliveira José Carlos de,Adventure,Crime,Drama,History
Olivera Héctor,Drama,Romance
Olsson Claes,Crime,Drama
Onbul Murat,Adventure,Comedy,Drama,Fantasy,Mystery,Romance
Orhel Robert,Comedy,Crime,Drama,Romance
Orona Gary Dean,Drama,Romance
Otmezguine Jacques,Thriller
Overall Richard,Family
Pacek Grzegorz,Crime,Drama,Romance
Padilla Anthony,Comedy
Paliyannopoulos Christos,Comedy,Crime,Drama,Mystery,Romance,War
Palmer Matt,Animation,Documentary,Family
Palásthy György,Adventure,Comedy,Drama,Family
Pamplona Luís,Adventure,Comedy,Drama,Family,Romance
Papakonstadis Dimitris,Comedy,Crime,Drama,Romance
Paredes César,Drama,Thriller
Parker Frank,Documentary
Pasold Kit,Family
Pastor Julián,Drama,Family,Fantasy,Horror,Mystery,Romance,Thriller
Pavlou Kay,Biography,Crime,Documentary,Drama,History,Reality
Pavlovic Zivojin,Drama
Payne Sandra J.,Comedy,Talk
Pejo Robert-Adrian,Crime
Pellenz Andre,Comedy,Drama
Pereira-Lazaro Albert,Animation
Perry Bill,Game,News,Talk
Peters Anton,Comedy,Family,Musical
Petit Thierry,Action,Comedy,Crime,Drama,Romance,Thriller
Petzold Konrad,Comedy,Family,War
Petäjäniemi Kirsti,Documentary
Peyroteo Herlander,Adventure,Comedy,Drama
Pfeiffer Maris,Crime,Mystery
Phelps Peter,Drama
Piché Louis,Animation,Comedy,Family
Pico Julian,Reality
Pientka Dirk,Action,Comedy,Crime,Drama,Family
Pieper Eberhard,Action,Crime,Drama,Thriller
Piirainen Tapio,Comedy,Crime,Drama
Pike Geoff,Adventure,Animation,Comedy,Family
Pike Gillian,Talk
Pilkama Inkeri,Comedy,Game
Pinilla Óscar,Comedy,Drama
Pinkava Josef,Family
Pivotto Sebastián,Action,Comedy,Crime,Drama,Musical,Mystery,Romance,Sport,Thriller
Piwowarski Kordian,Drama,Romance
Piá Luiz Antônio,Adventure,Comedy,Drama,Family,Romance
Plotkina Anna,Crime,Drama,Romance
Podehl Peter,Comedy,Family,Sci
Poeti Paolo,Comedy,Drama
Pokieser Harald,Documentary,Reality
Polák Jindrich,Adventure,Animation,Comedy,Drama,Family,Fantasy,Sci
Pontac Ken,Animation,Comedy
Popescu Constantin,Comedy,Drama
Porola Jarmo,Game,Music,Talk
Portokalakis Panayiotis,Comedy,Drama,Romance
Posa Elena,Music
Powers Chuck,Action,Animation,Sport
Pressman Michael B.,News
Punt Mark,Crime,Drama
Pureza Manuel,Adventure,Comedy,Drama,Fantasy,Romance
Queiroga Miguel,Comedy,Drama,Game,Music,Mystery
Quigley Brian,Comedy,Family,Reality
Quint Raymond,Action,Adventure,Comedy,Crime,Drama,Family,Fantasy,Mystery,Romance,Thriller
Quintas Javier,Action,Comedy,Crime,Drama,Mystery,Thriller
Radivojevic Jug,Comedy,Drama
Radivojevic Milos 'Misa',Comedy,Drama
Randall Chris,Adventure,Animation,Comedy,Family,Horror,Sci
Rawling Peter,Drama
Ray Gerald,Adventure,Animation,Comedy,Family,Fantasy,Sci
Read James,Drama,Family,Romance
Real Ferran,News
Recchia Giuseppe,Comedy,Family,Music,Musical,Sport,Talk
Redden Erin,Documentary
Reguant Ricard,Biography,Comedy,Drama,Music,Mystery,Sci,Thriller
Reguera Marta,Action,Comedy,Crime,Drama,Family,Horror,Mystery,Romance,Thriller
Reich Sam,Comedy,Short,Talk
Reichel Wilfried,Comedy,Talk
Reid Billy,Animation,Comedy,Family
Retsilas Marios,Drama,Romance
Revuelta Carla,Comedy
Rezende Ricardo,Comedy,News
Ribeiro Artur,Adventure,Comedy,Drama,History,Romance
Ribes Fernando,Documentary,Family,Mystery,Sci
Rice Spencer,Comedy,Game,Reality
Rick Stephan,Adventure,Crime,Family
Ridenbaugh Logan,Animation,Comedy,Talk
Ridley Ryan,Action,Comedy,Crime,Drama,Sci,Short
Rieveschl Peter,Reality
Rigas Alexandros,Comedy,Romance
Rinaldi Alberto,Comedy,Crime,Drama,History,Horror,Mystery,Romance,Sci
Ripoll Àlex,Drama
Rischert Christian,Documentary
Risi Claudio,Comedy
Ristau Peter,Action,Adventure,Crime,Drama,Family
Ristic Jovan,Comedy,Documentary,Musical
Rivière Marc,Comedy,Crime,Mystery
Rochant Eric,Comedy,Crime,Drama
Rodrigues Miguel,Crime,Drama
Rodriguez Eric,Action,Comedy
Rodríguez Joselito,Drama,Romance
Rodríguez Oscar,Comedy,Drama,Family,Romance,Sport
Rohne Claus-Michael,Comedy,Crime
Rosales Carlos Villegas,Comedy,Drama,Romance
Rose Mike,Animation,Comedy,Crime,Mystery,Short
Rosquellas Ivan,Comedy,Talk
Ross Peter John,Reality
Rostrup Kaspar,Drama,Fantasy
Roux Jean-Paul,Drama,Romance
Rozgonyi Ádám,Comedy,Crime,Drama,Family
Ruiz Castillo Arturo,Drama,Horror
Russell Ian,Comedy,Documentary,Music
Ryan Richard,Documentary
Rätz Günter,Animation
Ríos San Martín Manuel,Biography,Comedy,Drama,Romance,Thriller
Röwekamp Werner,Comedy,Crime,Drama
Saarela Saara,Comedy,Crime,Drama,Thriller
Sabanci Kudret,Action,Adventure,Drama,Romance
Sabat Christopher,Action,Adventure,Animation,Comedy,Drama,Fantasy,Horror
Sabbagh Pierre,Comedy
Sabo Steve,Comedy
Saeki Shôji,Action,Adventure,Animation,Comedy,Drama,Fantasy,Horror,Romance,Sci,Thriller
Saikkonen Veli-Matti,Crime,Drama,War
Saitô Takeichi,Drama,History
Salgueiro Carlos,Comedy,Crime,Drama,Family,Fantasy,Mystery,Romance,Thriller
Salvador Jorge,Comedy,Talk
Salvia Rafael J.,Drama
Samson Frank,Documentary,Drama,Music,News,Reality,Sport
Sander Alex,Comedy,Romance,Sport,Talk
Sansonetti Charlie,Adventure,Animation,Comedy,Fantasy,History,Sci
Santana Artur,Adventure,Comedy,Drama,Reality,Talk
Santoni Bruno,Music,Reality,Sport,Talk
Santoni Joël,Comedy,Romance
Santos-Levy Helenna,Comedy,Talk
Saral Hilal,Comedy,Drama,Romance
Sardà Javier,Comedy,Documentary,Reality,Talk
Sarmiento Álvaro Giménez,Comedy,Reality
Sato Toshiki,Drama
Sato Yutaka,Action,Animation,Sci
Satô Yûzô,Action,Adventure,Animation,Comedy,Drama,Fantasy,Romance,Sci,Sport,Thriller
Sauvé Patrice,Documentary,Drama,Family,Fantasy,Mystery,Sci,Thriller
Savage Tom,Documentary,Music,Talk
Saville Lyndy,Biography,Documentary,Talk
Sawada Yukihiro,Action,Comedy,Drama
Scarborough Steven,Crime,Documentary,Drama,Thriller
Scheepmaker Hans,Comedy,Crime,Drama,Family,Mystery,Thriller
Schellekens Paul,Action,Comedy,Crime,Drama,Romance
Schlotterbeck Dieter,Action,Adventure,Crime,Drama,Family,Romance
Schnegr Alex,Action,Drama,Fantasy,Mystery
Schnitzler Gregor,Crime,Drama
Schouten George,Documentary,Talk
Schuler Hannes,Documentary,Drama,History
Schulz Bradly,Comedy,Short
Schuurman Ruud,Action,Adventure,Comedy,Drama,Thriller
Schwab Martin,Crime,Drama,Mystery,Thriller
Seban Jean-Marc,Comedy,Crime,Drama,Fantasy,Thriller
Seet Shawn,Action,Comedy,Crime,Drama,Family,Mystery,Romance
Sekimoto Ikuo,Drama,Thriller
Sequeira Patrícia,Comedy,Crime,Drama,Family,Game,History,Mystery,Romance
Sergi Michael,Drama
Serikawa Yugo,Action,Animation,Comedy,Drama,Family,Fantasy,Musical,Romance,Sci
Serna Bernardo X.,Drama,Mystery,Romance
Serup Mikkel,Adventure,Comedy,Crime,Drama,Mystery,Talk,Thriller
Severi Luca,Animation,Biography,Comedy,Documentary,Family,News,Reality,Sport
Shanks T.J.,Comedy,Reality,Romance
Shannon Alan,Animation,Comedy,Family
Shaw Scott,Animation,Comedy,Family
Shears Greg,Comedy,Crime,Drama,Family
Shidara Hiroshi,Adventure,Animation,Comedy,Drama,Family,Fantasy,Romance,Sci
Shimoyama Ten,Comedy,Drama
Shiraki Keiichiro,Comedy,Drama,Family,Music,Mystery,Romance
Siera Indra,Comedy,Crime,Drama
Simmons Blair,Action,Adventure,Animation,Comedy,Family,Fantasy,Sci
Singh B.P.,Horror
Siqueiros Flor,Action,Adventure,Comedy,Drama,Family,Game,Music,News,Reality,Romance,Sport,Talk
Sivori-Asp Sirppa,Family
Sjöman Vilgot,Comedy,Drama
Skalenakis George,Action,Adventure,Comedy,Romance,War
Skinner Charles,Drama
Skundric Milos,Comedy
Slesicki Wladyslaw,Adventure
Sloan Matt,Action,Animation,Comedy,Game,Short
Smead Richard,Reality
Smith Christopher J.,Horror
Smith Tracy D.,Comedy
Smyczek Karel,Adventure,Comedy,Documentary,Drama,Family,Horror
Soholt Rennik,Adventure,Reality
Sokolovic Faruk,Comedy,Crime,Drama,Family,Romance
Soland Adrien,Documentary,Talk
Sollima Stefano,Crime,Drama,Thriller
Sonck Frederik,Drama,Family,Romance
Sorger Sebastian,Comedy,Crime,Drama
Sorjanen Jouko,Comedy,Game,Music
Sotra Zdravko,Adventure,Comedy,Drama,Family,History,Music,Romance,Talk,War
Spiess Harald,Comedy,Documentary,News,Talk
Spooner Michael,Action,Comedy,Crime,Drama
St. Giles Ed,Documentary,Game,Reality
Stahnke Günter,Drama
Stainton John,Adventure,Documentary
Stanfield Gordon,Animation
Stankovic Srboljub,Animation,Comedy,Family,Musical
Stanojlovic Petar,Biography,Drama
Starrett Audrey,Drama,Family,Horror
Statskiy Konstantin,Crime,Mystery,Thriller
Stedall Jonathan,Documentary,Family,Fantasy
Steel Terry,Adventure,Family,Game,Music,Talk
Steinbart Nathalie,Documentary,Reality
Stelzer Michael,Comedy
Sterri Tom,Drama
Stevens Anton,Comedy
Stevens Dale,Documentary,Family
Stewart Hector,Game
Stokes Ollie,Sport
Stone Mark,Drama
Stone Rob,Comedy,Family
Strigel Claus,Adventure,Family
Strong James Christian,Biography,Documentary,Drama,History
Struys Bert,Action,Adventure,Comedy,Crime,Drama,Family,Fantasy,Romance,Sci
Strømstad Kim,Comedy,Music,Talk
Stumpf Hans,Adventure,Family
Sturm Rolf,Comedy,Crime,Reality,Talk
Stuttard Ian,Action,Crime,Documentary,Mystery,News,Thriller
Suarez María Fernanda,Biography,Comedy,Crime,Drama,Fantasy,History,Mystery,Thriller
Sullivan David Charles,Adventure,Documentary,Game,Music,Reality,Romance
Surikova Alla,Comedy,Crime,Family
Suzara Romy,Action
Sykes Christopher,Biography,Documentary,History,Reality
Syrén Mikael,Comedy,Drama,Family
Séria Joël,Adventure,Comedy,Crime,Drama,Mystery,Thriller
Söderman Jackie,Drama
Tabuteau Dominique,Action,Comedy,Crime,Drama,Thriller
Tachibana Hideki,Action,Animation,Comedy,Drama,Fantasy,Horror,Mystery,Romance,Sci
Taguchi Katsuhiko,Action,Adventure,Animation,Drama,Fantasy,Horror,Romance,Sci
Takahashi Motosuke,Action,Adventure,Animation,Comedy,Family,Sci
Takaoka Junichi,Action,Animation,Sci
Takeuchi Yoshio,Action,Adventure,Animation,Comedy,Crime,Drama,Mystery,Romance,Sci
Takizawa Toshifumi,Action,Adventure,Animation,Comedy,Sci
Talenti Vincent,Action,Adventure,Comedy,Sci
Tallon Dara,Comedy,Music,News,Reality,Sport,Talk
Talma Roberto,Action,Adventure,Comedy,Crime,Drama,Family,Fantasy,Music,Mystery,Romance,Thriller
Tanabashi Kazunori,Action,Adventure,Animation,Comedy,Crime,Drama,Family,Fantasy,Mystery,Romance,Sci
Tanaka Hiroyuki,Action,Adventure,Animation,Comedy,Drama,Fantasy,Horror,Mystery,Romance
Tanaka Motoki,Action,Adventure,Animation,Comedy,Drama
Tarnas Kazimierz,Comedy,Crime,Drama,Family,Musical,Mystery,Romance
Taskinen Uolevi,Comedy,Family,History,Music,Talk
Taylan Durul,Action,Adventure,Biography,Comedy,Drama,History,Romance,Thriller,War
Taylor Glenn GT,Comedy,Documentary,Family,Game,Music,Reality,Romance
Taylor Kitty,Animation,Family
Tena Joona,Comedy,Crime,Drama
Tera Manuel,Comedy,Drama
Terribas Mònica,Music,News
Thiemt Hans-Georg,Action,Adventure,Comedy,Crime,Drama,Family
Thomas Joe,Comedy,Documentary,Music,Short
Thomas Roger,Documentary,Game,News
Thoms Albie,Adventure,Family
Tibet Kartal,Comedy,Drama,Family,Romance
Tillotson Rachel,Comedy,Drama
To Johnnie,Action,Adventure,Comedy,Drama,Mystery,Romance
Tochilin Pyotr,Comedy
Toft Martinsen Anne,Reality,Romance
Tokumoto Yoshinobu,Action,Adventure,Animation,Comedy,Drama,Fantasy,Romance,Sci
Tompkins Brett,Documentary
Toor Aad van,Adventure,Comedy,Family
Torregrossa Jorge,Action,Adventure,Comedy,Crime,Drama,History,Mystery,Romance,Thriller
Torres Oliver,Game,Reality
Toublanc-Michel Bernard,Adventure,Crime,Drama,Sci,Thriller
Toverud Lars,Documentary,Music,Reality
Towsley Don,Action,Adventure,Animation,Comedy,Crime,Family,Fantasy,History,Sci
Tran Andrea,Animation,Family
Treanor Emma,Documentary
Trevor Marie,Action,Comedy,Drama
Trimarchi Taylor,Talk
Tschabuschnig Karin,Comedy,Game,Talk
Tsukamoto Renpei,Comedy,Crime,Drama,Family,Fantasy,Mystery,Romance
Tsuruta Norio,Drama,Fantasy,Horror,Mystery,Short,Thriller
Turek Laura,Biography,Comedy,Documentary,Drama,History,Reality
Ubiratan Paulo,Comedy,Drama,Fantasy,Romance
Ueda Hisashi,Comedy,Drama,Mystery,Sci
Ugarov Mikhail,Comedy,Crime
Uribe Imanol,Comedy,Crime
Van Berlo Melinda,Action,Comedy,Crime,Drama,Mystery,Thriller
Vargas Ricardo,Action,Comedy,Drama,Family
Vartia Taavi,Adventure,Comedy,Crime,Drama,Family,Reality
Vas-Zoltán Iván,Comedy,Family
Vascellaro Matt,Short,Talk
Vass Thomas,Comedy
Vega Jaime,Drama,Romance
Veilleux René,Action,Adventure,Animation,Comedy,Drama,Game,Romance,Sport
Velez Soto Jaime,Family
Verweirder Koen,Action,Comedy,Crime,Drama,Mystery,Thriller
Vicario Francesco,Comedy,Drama,Musical
Vidal Laia,Comedy,Game,Music
Vidal Philippe,Adventure,Animation,Comedy,Family,Sci
Vider Ciril,Comedy,Talk
Vinciguerra Luc,Animation,Family
Vinnicombe Tom,Comedy,Game,Reality,Talk
Vlácil Frantisek,Family
Volmer Hardi,Animation,Comedy
Volny Milos,Drama
Volson Patrick,Comedy,Documentary,Drama,Fantasy
Von David Alex,Action,Adventure,Animation,Comedy,Crime,Drama,Fantasy,Horror,Romance,Sci,Thriller
Vrdoljak Antun,Comedy,Drama,War
Vukobratovic Mihailo,Comedy,Drama,Family,Music,Romance
Wachtel Jake,Documentary,Talk
Waizman Offer,Comedy,Drama,Family,Romance,Sport
Wakamatsu Kôji,Comedy,Crime,Drama,Romance
Wallström Filippa,Drama,Family
Walton Matt,Comedy,Reality
Wang Philip,Comedy,Family,Reality,Romance,Short
Warhol Andy,Comedy,Music
Warren Tim,Action,Documentary,Family,Game,Reality,Romance,Sport
Watanabe Sumio,Action,Adventure,Animation,Drama,Fantasy,Horror,Romance,Sci,Thriller
Way Ron,Adventure,Comedy,Crime,Drama,Family,Reality,Romance
Weaver Kelly,Action
Webb Charles,Comedy,Family,Game
Wegner Christjan,Comedy,Crime,Drama,Romance,Thriller
Weinreuter Gero,Crime,Drama,Romance
Weinstein Larry,Documentary,Drama,Music,Musical
Wellingerhof Rolf,Comedy,Crime,Drama,Family
Welsh Cameron,Drama
Wenger Esther,Comedy,Crime,Drama,Family
Wertmüller Lina,Documentary
West Billy,Documentary
Westenbrink Allard,Action,Adventure,Animation,Comedy,Drama,Family,News,Talk,Thriller
Wetzl Fulvio,Drama
Wetzler Gwen,Action,Adventure,Animation,Comedy,Family,Fantasy,Sci
Wiecha Joe,Action,Adventure,Biography,Crime,Documentary,Drama,Horror,Mystery,Thriller
Wiedermann Hans-Joachim,Action,Comedy,Crime,Drama
Wiese Erik,Animation,Biography,Comedy
Wigand Tomy,Action,Crime,Drama,Romance
Wikke Michael,Action,Adventure,Animation,Comedy,Crime,Family,Music,Reality,Romance,Talk
Wilhelm Anette,Comedy,Talk
Wilkes James,Action,Adventure,Comedy,Documentary,Drama,History,Reality
Wilkinson Jet,Comedy,Crime,Drama,Mystery,Thriller
Willbrandt Nils,Crime,Documentary,Drama
Williams Mat,Comedy,Documentary,Horror
Wilson David,Documentary,History,Mystery,War
Wise Robert M.,Biography,Crime,Documentary,Drama,History,Horror,Mystery,Reality,Thriller
Wise Ryan,Comedy,Drama,Mystery,Reality
Wiseman Frederick,Documentary
Wolf Benjamin,Documentary,Reality
Wolter René,Crime,Drama,Family,Reality,Romance
Yagüe Jesús,Comedy,Drama,Family,Musical,Romance
Yamamoto Sayo,Action,Adventure,Animation,Comedy,Crime,Drama,Mystery,Romance,Sci
Yamamoto Yûsuke,Action,Animation,Comedy,Drama,Fantasy,Romance,Sci
Yang Liping,Animation,Family
Yilmaz Atif,Comedy,Drama
Yolland Peter,Drama,Family,Fantasy,Music,Sci
Yoshizawa Takao,Action,Adventure,Animation,Comedy,Family,Fantasy,Musical,Romance,Sci,Sport,Thriller
Yotsuji Takao,Animation,Sci
Young Paul,Comedy,Game,Reality,Talk
Yös Baris,Comedy,Drama
Zachar Jozef,Drama
Zachariassen Henrik 'Zach',Crime,Game,Music
Zafranovic Lordan,Drama
Zaharenkov Aleksandr,Crime,Drama
Zamboni Bob,Adventure,Animation,Comedy,Family,Mystery
Zanoskar Helmut,Comedy,Talk
Zecevic Dejan,Action,Comedy,Crime,Drama,Mystery,Thriller
Zichem Frank,Drama
Zilahy Tamás,Comedy,Drama,Family,Reality
de Canonge Maurice,Adventure
de Villiers Dirk,Drama,History
di Grado Daniel,Comedy,Crime,Drama,Family,Fantasy,Thriller
van Rijn Pieter,Comedy,Crime,Drama,Romance
van Teylingen Bas,Comedy,Drama,Family,Mystery
van den Nieuwenhuyzen Jan,Adventure,Drama,Family
van der Goot Leo,Comedy,Documentary,Drama,Family,History
von Boehm Gero,Biography,Documentary,Drama,History,Talk
von Bülow Vicco,Comedy
von Freyberg Sebastian,Comedy,Game,Talk
von Fritsch Gunther,Action,Adventure,Biography,Drama,Family,Fantasy,Sci,Western
Écija Arantxa,Adventure,Comedy,Drama,Family,Romance
Ôsumi Masaaki,Action,Adventure,Animation,Comedy,Crime,Mystery
Ôtsuka Masahiko,Action,Adventure,Animation,Comedy,Drama,Fantasy,Romance,Sci,Thriller
Öztekin Mehmet Ada,Drama
Øiamo-Holsen Audny Chris,Drama
Ünlü Onur,Adventure,Comedy,Crime,Drama,Fantasy,Mystery,Romance,Sci,Thriller
